"firstname";"lastname";"link"
"robin";"hobb";"https://fr.wikipedia.org/wiki/Robin_Hobb"
"robert";"jordan";"https://fr.wikipedia.org/wiki/Robert_Jordan"
"jules";"verne";"https://fr.wikipedia.org/wiki/Jules_Verne"
"isaacs";"asimov";"https://fr.wikipedia.org/wiki/Isaac_Asimov"
"herbert george";"wells";"https://fr.wikipedia.org/wiki/H._G._Wells"
"bernard";"werber";"https://fr.wikipedia.org/wiki/Bernard_Werber"
